user,password
0.753056771593163@mailinator.com,user123
0.9215797667730835@mailinator.com,user123
0.06914114835188126@mailinator.com,user123
0.30647751223887637@mailinator.com,user123
0.3421171110652604@mailinator.com,user123
0.4195043429262161@mailinator.com,user123
0.6051793241164312@mailinator.com,user123
0.0687230160479062@mailinator.com,user123
0.8893185542725898@mailinator.com,user123
0.08213791254114466@mailinator.com,user123
0.7742512087069363@mailinator.com,user123